hotel_id,city
3,Gurgaon
13,Gurgaon
16,Gurgaon
21,Gurgaon
25,Delhi
29,Gurgaon
31,Delhi
33,Gurgaon
37,Gurgaon
44,Noida
45,Delhi
48,Delhi
49,Delhi
50,Gurgaon
56,Bangalore
58,Gurgaon
59,Noida
62,Delhi
68,Mumbai
69,Noida
73,Delhi
74,Gurgaon
77,Gurgaon
81,Delhi
83,Bangalore
84,Bangalore
86,Bangalore
88,Bangalore
89,Delhi
91,Delhi
92,Delhi
93,Delhi
96,Mumbai
99,Delhi
106,Bangalore
107,Bangalore
109,Bangalore
111,Mumbai
114,Delhi
116,Gurgaon
117,Mumbai
123,Jaipur
124,Jaipur
128,Bangalore
129,Delhi
130,Delhi
131,Gurgaon
132,Delhi
135,Delhi
136,Mumbai
139,Jaipur
140,Jaipur
142,Delhi
143,Delhi
146,Delhi
147,Delhi
152,Bangalore
153,Bangalore
154,Bangalore
157,Jaipur
160,Bangalore
161,Bangalore
162,Noida
164,Hyderabad
166,Delhi
169,Jaipur
170,Delhi
176,Gurgaon
178,Gurgaon
181,Gurgaon
183,Mumbai
186,Mumbai
187,Delhi
188,Mumbai
192,Jaipur
194,Bangalore
195,Bangalore
203,Noida
205,Delhi
206,Noida
207,Gurgaon
211,Pune
217,Noida
219,Chennai
220,Chennai
223,Mumbai
226,Mumbai
229,Delhi
232,Bangalore
233,Delhi
234,Mumbai
235,Mumbai
236,Pune
238,Pune
239,Gurgaon
241,Gurgaon
243,Gurgaon
244,Bangalore
245,Bangalore
248,Bangalore
249,Jaipur
250,Bangalore
251,Bangalore
252,Bangalore
261,Noida
262,Gurgaon
263,Gurgaon
265,Delhi
266,Delhi
267,Mumbai
268,Jaipur
270,Delhi
274,Bangalore
277,Hyderabad
280,Chennai
282,Mumbai
286,Delhi
287,Noida
288,Mumbai
294,Kolkata
295,Bangalore
296,Delhi
298,Delhi
299,Delhi
301,Delhi
302,Delhi
305,Gurgaon
306,Kolkata
308,Delhi
309,Delhi
310,Gurgaon
313,Delhi
314,Delhi
315,Delhi
323,Gurgaon
324,Noida
325,Mumbai
326,Jaipur
328,Delhi
329,Mumbai
330,Mumbai
331,Delhi
335,Mumbai
336,Mumbai
342,Hyderabad
345,Hyderabad
346,Gurgaon
348,Delhi
350,Delhi
353,Bangalore
355,Bangalore
357,Delhi
359,Chennai
364,Gurgaon
365,Gurgaon
366,Delhi
370,Delhi
373,Kolkata
375,Delhi
378,Delhi
380,Delhi
382,Bangalore
383,Bangalore
385,Bangalore
391,Delhi
394,Delhi
396,Delhi
397,Delhi
398,Delhi
399,Gurgaon
400,Gurgaon
401,Bangalore
402,Bangalore
405,Bangalore
407,Mumbai
408,Bangalore
409,Bangalore
411,Pune
415,Delhi
417,Gurgaon
420,Gurgaon
421,Delhi
422,Delhi
427,Delhi
428,Delhi
432,Bangalore
436,Noida
437,Delhi
439,Delhi
440,Gurgaon
441,Delhi
447,Gurgaon
448,Gurgaon
449,Gurgaon
450,Jaipur
456,Delhi
459,Gurgaon
462,Delhi
463,Gurgaon
466,Gurgaon
468,Bangalore
471,Bangalore
473,Delhi
475,Bangalore
478,Hyderabad
483,Hyderabad
486,Bangalore
489,Gurgaon
500,Noida
501,Mumbai
505,Hyderabad
507,Jaipur
509,Pune
513,Gurgaon
514,Jaipur
515,Gurgaon
517,Gurgaon
522,Gurgaon
523,Gurgaon
534,Mumbai
537,Mumbai
538,Mumbai
540,Mumbai
541,Jaipur
545,Mumbai
546,Mumbai
548,Delhi
551,Delhi
554,Bangalore
557,Delhi
562,Delhi
564,Delhi
565,Delhi
566,Mumbai
567,Noida
569,Noida
570,Delhi
571,Bangalore
574,Noida
578,Gurgaon
579,Delhi
583,Bangalore
585,Jaipur
586,Jaipur
594,Pune
597,Bangalore
599,Jaipur
601,Noida
609,Hyderabad
612,Bangalore
614,Pune
619,Pune
620,Pune
626,Hyderabad
627,Chennai
628,Jaipur
629,Gurgaon
633,Chennai
635,Chennai
636,Noida
637,Chennai
646,Pune
648,Pune
651,Noida
652,Pune
653,Gurgaon
655,Gurgaon
660,Jaipur
661,Hyderabad
663,Pune
665,Jaipur
666,Hyderabad
668,Delhi
670,Noida
677,Noida
683,Delhi
684,Bangalore
685,Noida
687,Kolkata
689,Hyderabad
691,Chennai
693,Hyderabad
697,Jaipur
699,Chennai
701,Delhi
702,Hyderabad
703,Hyderabad
704,Hyderabad
706,Hyderabad
716,Delhi
724,Jaipur
736,Pune
742,Pune
750,Mumbai
751,Pune
753,Kolkata
754,Pune
755,Bangalore
756,Bangalore
757,Bangalore
758,Jaipur
760,Bangalore
772,Noida
777,Noida
780,Chennai
800,Mumbai
803,Mumbai
804,Mumbai
808,Hyderabad
812,Bangalore
813,Pune
817,Delhi
820,Chennai
831,Hyderabad
837,Bangalore
841,Chennai
842,Chennai
843,Hyderabad
846,Bangalore
847,Mumbai
848,Gurgaon
850,Pune
853,Pune
856,Chennai
858,Kolkata
859,Bangalore
862,Jaipur
874,Bangalore
877,Hyderabad
879,Mumbai
883,Delhi
884,Delhi
885,Mumbai
886,Kolkata
888,Chennai
894,Bangalore
901,Delhi
907,Bangalore
919,Kolkata
926,Kolkata
932,Jaipur
933,Bangalore
938,Bangalore
944,Bangalore
953,Kolkata
955,Gurgaon
956,Kolkata
960,Delhi
965,Noida
975,Bangalore
978,Chennai
979,Hyderabad
984,Hyderabad
995,Pune
996,Hyderabad
997,Hyderabad
998,Hyderabad
